{"cameraMode":{"drawMode":0,"name":"Shaded","section":"Shading Mode"},"sceneLighting":true,"audioPlay":false,"sceneViewState":{"showFog":true,"showMaterialUpdate":false,"showSkybox":true,"showFlares":true,"showImageEffects":true,"showParticleSystems":true},"in2DMode":false,"pivot":{"x":0.0,"y":0.7950000166893005,"z":-0.7310000061988831},"rotation":{"x":0.22722187638282777,"y":0.1194327101111412,"z":-0.028089985251426698,"w":0.966088593006134},"size":4.282418727874756,"orthographic":false}