{"cameraMode":{"drawMode":0,"name":"Shaded","section":"Shading Mode"},"sceneLighting":false,"audioPlay":false,"sceneViewState":{"showFog":true,"showMaterialUpdate":false,"showSkybox":false,"showFlares":true,"showImageEffects":true,"showParticleSystems":true},"in2DMode":false,"pivot":{"x":1.9950000047683716,"y":0.13199999928474427,"z":-0.6919999122619629},"rotation":{"x":-0.13726015388965608,"y":-0.016048060730099679,"z":0.002220985246822238,"w":-0.9904292225837708},"size":7.795322418212891,"orthographic":false}