{"cameraMode":{"drawMode":0,"name":"Shaded","section":"Shading Mode"},"sceneLighting":true,"audioPlay":false,"sceneViewState":{"showFog":true,"showMaterialUpdate":false,"showSkybox":true,"showFlares":true,"showImageEffects":true,"showParticleSystems":true},"in2DMode":false,"pivot":{"x":29.738351821899415,"y":11.777050018310547,"z":-20.031917572021486},"rotation":{"x":-0.17398898303508759,"y":0.3162946403026581,"z":-0.05913154035806656,"w":-0.930708110332489},"size":8.608803749084473,"orthographic":true}